"","Time","Event_length","Y89Di","Pd102Di","Rh103Di","Pd104Di","Pd105Di","Pd106Di","Pd108Di","Pd110Di","In113Di","In115Di","Ba138Di","La139Di","Ce140Di","Pr141Di","Nd142Di","Nd143Di","Nd144Di","Nd145Di","Nd146Di","Sm147Di","Nd148Di","Sm149Di","Nd150Di","Eu151Di","Sm152Di","Eu153Di","Sm154Di","Gd155Di","Gd156Di","Gd157Di","Gd158Di","Tb159Di","Gd160Di","Dy161Di","Dy162Di","Dy163Di","Dy164Di","Ho165Di","Er166Di","Er167Di","Er168Di","Tm169Di","Er170Di","Yb171Di","Yb172Di","Yb173Di","Yb174Di","Lu175Di","Yb176Di","Ir191Di","Ir193Di","Pt195Di","Pt196Di","Pb208Di","Center","Offset","Width","Residual","FileNum"
"Time",1,0,0,0,0,0,0,0,0,0,0,0,0,0,0,0,0,0,0,0,0,0,0,0,0,0,0,0,0,0,0,0,0,0,0,0,0,0,0,0,0,0,0,0,0,0,0,0,0,0,0,0,0,0,0,0,0,0,0,0,0
"Event_length",0,1,0,0,0,0,0,0,0,0,0,0,0,0,0,0,0,0,0,0,0,0,0,0,0,0,0,0,0,0,0,0,0,0,0,0,0,0,0,0,0,0,0,0,0,0,0,0,0,0,0,0,0,0,0,0,0,0,0,0,0
"Y89Di",0,0,1,0,0,0,0,0,0,0,0,0,0,0,0,0,0,0,0,0,0,0,0,0,0,0,0,0,0,0,0,0,0,0,0,0,0,0,0,0,0,0,0,0,0,0,0,0,0,0,0,0,0,0,0,0,0,0,0,0,0
"Pd102Di",0,0,0,1,0,0,0,0,0,0,0,0,0,0,0,0,0,0,0,0,0,0,0,0,0,0,0,0,0,0,0,0,0,0,0,0,0,0,0,0,0,0,0,0,0,0,0,0,0,0,0,0,0,0,0,0,0,0,0,0,0
"Rh103Di",0,0,0,0,1,0,0,0,0,0,0,0,0,0,0,0,0,0,0,0,0,0,0,0,0,0,0,0,0,0,0,0,0,0,0,0,0,0,0,0,0,0,0,0,0,0,0,0,0,0,0,0,0,0,0,0,0,0,0,0,0
"Pd104Di",0,0,0,0,0,1,0,0,0,0,0,0,0,0,0,0,0,0,0,0,0,0,0,0,0,0,0,0,0,0,0,0,0,0,0,0,0,0,0,0,0,0,0,0,0,0,0,0,0,0,0,0,0,0,0,0,0,0,0,0,0
"Pd105Di",0,0,0,0,0,0,1,0,0,0,0,0,0,0,0,0,0,0,0,0,0,0,0,0,0,0,0,0,0,0,0,0,0,0,0,0,0,0,0,0,0,0,0,0,0,0,0,0,0,0,0,0,0,0,0,0,0,0,0,0,0
"Pd106Di",0,0,0,0,0,0,0,1,0,0,0,0,0,0,0,0,0,0,0,0,0,0,0,0,0,0,0,0,0,0,0,0,0,0,0,0,0,0,0,0,0,0,0,0,0,0,0,0,0,0,0,0,0,0,0,0,0,0,0,0,0
"Pd108Di",0,0,0,0,0,0,0,0,1,0,0,0,0,0,0,0,0,0,0,0,0,0,0,0,0,0,0,0,0,0,0,0,0,0,0,0,0,0,0,0,0,0,0,0,0,0,0,0,0,0,0,0,0,0,0,0,0,0,0,0,0
"Pd110Di",0,0,0,0,0,0,0,0,0,1,0,0,0,0,0,0,0,0,0,0,0,0,0,0,0,0,0,0,0,0,0,0,0,0,0,0,0,0,0,0,0,0,0,0,0,0,0,0,0,0,0,0,0,0,0,0,0,0,0,0,0
"In113Di",0,0,0,0,0,0,0,0,0,0,1,0,0,0,0,0,0,0,0,0,0,0,0,0,0,0,0,0,0,0,0,0,0,0,0,0,0,0,0,0,0,0,0,0,0,0,0,0,0,0,0,0,0,0,0,0,0,0,0,0,0
"In115Di",0,0,0,0,0,0,0,0,0,0,0,1,0,0,0,0,0,0,0,0,0,0,0,0,0,0,0,0,0,0,0,0,0,0,0,0,0,0,0,0,0,0,0,0,0,0,0,0,0,0,0,0,0,0,0,0,0,0,0,0,0
"Ba138Di",0,0,0,0,0,0,0,0,0,0,0,0,1,0,0,0,0,0,0,0,0,0,0,0,0,0,0,0,0,0,0,0,0,0,0,0,0,0,0,0,0,0,0,0,0,0,0,0,0,0,0,0,0,0,0,0,0,0,0,0,0
"La139Di",0,0,0,0,0,0,0,0,0,0,0,0,0,1,0,0,0,0,0,0,0,0,0,0,0,0,0,0,0,0,0,0,0,0,0,0,0,0,0,0,0,0,0,0,0,0,0,0,0,0,0,0,0,0,0,0,0,0,0,0,0
"Ce140Di",0,0,0,0,0,0,0,0,0,0,0,0,0,0,1,0,0,0,0,0,0,0,0,0,0,0,0,0,0,0,0,0,0,0,0,0,0,0,0,0,0,0,0,0,0,0,0,0,0,0,0,0,0,0,0,0,0,0,0,0,0
"Pr141Di",0,0,0,0,0,0,0,0,0,0,0,0,0,0,7.9908427864359e-05,1,0,0,0,0,0,0,0,0,0,0,0,0,0,0,0,0.0186207291181022,0,0,0,0,0,0,0,0,0,0,0,0,0,0,0,0,0,0,0,0,0,0,0,0,0,0,0,0,0
"Nd142Di",0,0,0,0,0,0,0,0,0,0,0,0,0,0,8.27197722399494e-25,9.05435452967847e-05,1,0.0038261373638954,0.0021993017885316,0.000144648022115939,0.00040317330106028,5.48018289472137e-23,4.23501798558815e-22,4.68585271761626e-25,3.97032936148889e-23,9.17755607102664e-27,9.40529801140778e-27,1.68383400380533e-28,2.6414007661244e-25,6.17758522295187e-21,5.61161062666916e-21,4.01326163894745e-20,0.0172519435974768,0,-6.36192759860725e-21,1.41548175405507e-21,4.30750616477746e-21,8.96270685994473e-23,1.98793423932528e-23,1.18071786515873e-26,5.28786515330316e-25,1.41036246271437e-26,1.33753698648404e-27,2.17269996257912e-29,1.10548121134583e-25,4.31043528587768e-24,5.29324277948634e-24,-1.50822281711423e-23,7.59174990906231e-21,-4.44130167991427e-23,-3.46389684870541e-23,0,0,0,0,0,0,0,0,0,0
"Nd143Di",0,0,0,0,0,0,0,0,0,0,0,0,0,0,1.28105609403712e-26,3.18873139264348e-22,0.0077520037370099,1,0.0204099038271791,0.00153275121159246,0.00119938127260696,6.93475740718979e-23,0.000100119365306874,-1.21976085206497e-23,2.98448283841025e-05,-4.66296767948361e-24,4.64009128618001e-26,-2.6995854461378e-26,3.33255634926876e-26,3.45507980232527e-23,5.30136890187071e-23,-3.54458498384418e-22,2.8560286903302e-20,0.0176497912734162,1.08413506523222e-19,7.88115095660097e-21,3.94057547830048e-21,2.59831693309575e-22,-6.5983098902106e-22,-1.98451130110393e-25,-2.07656801630777e-22,7.00496351313024e-25,-4.70430939729769e-25,-1.31920857171271e-28,1.70925570831301e-26,1.62091034058804e-24,-1.72286424763558e-24,-1.14933390815375e-24,-7.84027692865325e-23,-4.26837926172127e-21,-1.55901454376814e-22,0,0,0,0,0,0,0,0,0,0
"Nd144Di",0,0,0,0,0,0,0,0,0,0,0,0,0,0,-1.42386968302591e-27,5.48461564758921e-23,0.0021165091762623,0.00288259075965678,1,0.0151765210190999,0.00436176373643952,5.00528131554953e-22,0.000170207097860445,-2.65964919983848e-23,8.15258474112294e-05,-1.05432427013686e-23,7.17817203485503e-25,-1.36650008656394e-26,4.59280530637854e-25,1.69377522708577e-21,5.75241086047729e-25,3.38696091257462e-21,-5.40706779607161e-20,-2.59842382472163e-20,0.0181946550405376,5.42006387409299e-20,2.71003193704649e-20,9.0842842140396e-22,-7.92242670123037e-22,-5.08246047417815e-25,-8.88131703674978e-22,4.16678770987521e-24,-1.67462299182129e-24,-6.66860132441142e-27,3.31239578719004e-24,7.94107310491791e-23,1.5880328599738e-22,1.0586070700312e-22,2.11713630511414e-22,6.57046963625669e-24,3.38773024903017e-20,0,0,0,0,0,0,0,0,0,0
"Nd145Di",0,0,0,0,0,0,0,0,0,0,0,0,0,0,4.51435298453234e-27,5.5150624957719e-23,0.001699862529576,0.00131689367120854,0.0108078217797081,1,0.0389869335903057,5.08183100396079e-21,0.000445400079556869,4.84252463986876e-24,0.000312997593205496,-1.74798002427363e-23,-3.34282685509031e-24,-1.35349627831414e-25,4.94555402552879e-24,-1.4664713406618e-24,4.9218229698864e-23,-2.78760223432381e-23,7.19536719792676e-21,-8.79585212151291e-21,2.20913059801754e-20,0.0184298324242591,0,8.58623618903537e-21,7.80940840793745e-21,4.35076870572179e-25,-1.37999576589142e-21,2.95213072516609e-24,-1.73703647012087e-24,-2.8094019569918e-28,1.39625210137667e-25,9.39398544255412e-25,6.47640665763704e-25,-9.03343113784942e-26,3.75092862359944e-25,-2.44376046055222e-24,1.0815477753767e-22,0,0,0,0,0,0,0,0,0,0
"Nd146Di",0,0,0,0,0,0,0,0,0,0,0,0,0,0,-1.57505312054278e-27,2.76091682980173e-23,0.00102504712298509,0.000662352056371072,0.00212028991971963,0.00179230219963919,1,0.000306879090032487,0.00170686493092499,1.48226325512821e-21,0.000412875235453553,3.5238499201793e-23,4.2350378717949e-22,4.6837615131737e-25,2.11751893589745e-22,4.19276403090797e-24,1.26809704867984e-23,3.16269688477787e-24,2.41984983682973e-21,-2.82240640721395e-21,-3.34775473156662e-22,-2.12167811365295e-21,0.0179869511231023,-1.31286174025642e-19,-1.70066450520714e-20,1.83550824086158e-23,-1.36709690172517e-21,1.64226057487206e-23,-3.35510754439487e-24,9.75863153128566e-28,4.77674857585683e-26,2.15345763073303e-25,7.09348858898046e-25,3.19404608815554e-25,-2.14223199477122e-25,2.35195298439258e-25,5.51919020452387e-23,0,0,0,0,0,0,0,0,0,0
"Sm147Di",0,0,0,0,0,0,0,0,0,0,0,0,0,0,-4.09048305325468e-28,6.300347641697e-24,0,0,0.000539834924650822,-2.71047442378096e-20,0.000252363206640893,1,0.0226471910291985,0.00475609425593607,0.000879858753608515,-3.87697460101724e-22,0.00316815887390685,-1.8572523391043e-22,0.00193459115584339,-3.47423419030828e-22,8.41837696036076e-25,1.97196493193474e-24,4.20654138565456e-22,1.12391479128532e-22,2.35466438552915e-21,1.0640413109651e-21,5.65553471362027e-21,0.0038493451250623,-2.16837953902477e-19,6.83842348852945e-21,-5.88545406213382e-21,5.78574676657191e-23,-2.12323509639217e-21,1.13527379144721e-26,-4.18371399849492e-22,-3.28005534340563e-25,2.32161395201103e-25,1.16208228705934e-25,-4.23683392303578e-24,8.71428659390513e-25,2.10211440354529e-23,0,0,0,0,0,0,0,0,0,0
"Nd148Di",0,0,0,0,0,0,0,0,0,0,0,0,0,0,1.06923525136962e-26,4.27653288004707e-22,0.013060165338281,0.00812239154799306,0.0157104477872686,0.00522421725345571,0.0170009576077901,0.000136208708729933,1,0.000300253417119193,0.0136633048344199,-3.67333102815157e-21,2.11753252839933e-22,-2.35794860026185e-23,1.05876626419967e-22,7.6883661656493e-23,1.22385367674545e-22,8.35435795663042e-23,7.75577214143651e-20,-6.47372562457804e-20,-3.3880691926898e-20,1.21969904472098e-19,8.13136158329824e-20,1.8100482098016e-25,0.0159510163260436,2.75279228691913e-21,-3.52847507145776e-20,1.6773338609387e-21,1.02328601647329e-22,-1.8648273611175e-26,8.9503960965275e-24,1.29264292281868e-24,-9.1762741145388e-25,1.60262497347192e-24,-7.96660214654596e-23,-6.13971367440671e-23,3.49061872088419e-22,0,0,0,0,0,0,0,0,0,0
"Sm149Di",0,0,0,0,0,0,0,0,0,0,0,0,0,0,5.02849314489956e-28,-2.59761502914748e-25,-4.06573139722326e-20,-3.38810949768605e-20,-6.7762189953721e-20,-1.69405474884303e-20,-2.71048759814884e-20,0.00132001930978002,0.00721420723524335,1,0.0158553067220669,-2.64360580752094e-21,0.00353345779204876,1.98522039871183e-23,0.00175916299996313,-8.40535940508769e-23,2.51788468445635e-25,1.02032969329841e-24,-2.61264832992309e-22,-2.09115553495391e-22,-5.75461097873106e-22,1.03486720571308e-22,1.16387173062925e-21,6.07451345679681e-22,-2.75242537928498e-22,0.00396911009608645,-1.3713240843857e-19,7.14679323111152e-22,1.10510601152658e-21,2.48152400753056e-24,-1.04555045530921e-21,6.83399905407891e-25,1.50434784872627e-26,8.63008152336939e-28,-2.1408913023677e-25,6.43014437072526e-25,-4.38427073924328e-25,0,0,0,0,0,0,0,0,0,0
"Nd150Di",0,0,0,0,0,0,0,0,0,0,0,0,0,0,-4.22863093793529e-27,1.42430957804695e-24,0.00270875239813948,0.0013426050644215,0.00400880865419268,0.00105564033400292,0.00253574228646426,3.12042041259696e-22,0.00156586913813053,0.000166964383843921,1,0.000345679695384729,3.97046685063387e-23,-1.27054939220284e-21,1.56104724255398e-22,7.25023303924086e-24,4.18451654376138e-23,-8.51850688033819e-23,4.72158629189227e-21,-1.00237421235219e-20,-1.24048601241971e-20,-3.61684746148523e-21,2.56620145808159e-22,2.38228059416034e-22,5.13576262231758e-22,-1.27046448426549e-21,0.0137878411628682,-2.22147620292965e-20,5.97385888354157e-22,-4.56593768299619e-25,2.69992737193611e-22,7.45924411188609e-25,3.81194122282762e-25,7.23798023018011e-25,4.70526289520269e-24,-6.08685742970479e-24,1.43903373745842e-22,0,0,0,0,0,0,0,0,0,0
"Eu151Di",0,0,0,0,0,0,0,0,0,0,0,0,0,0,-8.22880037415418e-31,-3.37214412566545e-27,5.27998136552854e-23,-3.97711912047006e-23,2.89544011913348e-25,-2.59580511230002e-23,-5.36382869439354e-23,-5.29368922194555e-23,-1.05873784438911e-22,-1.05873784438911e-22,6.56317189449197e-05,1,0.0003418332342938,0.00810215289875525,-1.27048541326693e-21,2.53683962439837e-25,9.68047262514465e-28,2.55436637131677e-28,2.297797169771e-25,-4.65855136599217e-25,1.53726099069944e-26,-8.90127495055422e-25,-1.01842426613791e-24,-2.78552558680004e-26,1.27525567309449e-24,-1.76545051909896e-25,-1.69275702210822e-22,0.000106652374547705,3.17621353316733e-22,-4.23486104594679e-22,2.6207388898265e-23,-3.01300365757612e-26,-6.55391106274609e-28,1.31507903530649e-29,3.30594353144784e-27,-6.28364566580538e-28,5.08268240261967e-27,0,0,0,0,0,0,0,0,0,0
"Sm152Di",0,0,0,0,0,0,0,0,0,0,0,0,0,0,-1.85808924561299e-29,-1.18449770911728e-25,-4.5272190006117e-22,-2.31250708454625e-22,8.37292483979195e-22,1.47325529462921e-21,-2.16351632028281e-21,0.000420859723058296,0.00071127939817252,0.000805819822966716,0.000997021118034681,0.000297327230679652,1,0.000359484190808316,0.00657114818542586,-4.23519400757089e-22,2.06773363211593e-25,-3.76950682277733e-26,-1.3757768223452e-24,-1.78639829053827e-23,1.40290158391545e-23,5.96699381663312e-23,2.39573154813217e-23,-4.97684980049725e-22,-6.58870978511852e-22,3.13494247507811e-21,-7.27471148312674e-21,-4.8702053431458e-21,0.00264100240263453,2.64687737248244e-23,6.77589194659565e-21,4.43728786497453e-24,2.12256396724507e-26,-2.75397982848362e-27,-9.1638573008437e-26,-1.21876899523953e-26,4.09014499296734e-26,0,0,0,0,0,0,0,0,0,0
"Eu153Di",0,0,0,0,0,0,0,0,0,0,0,0,0,0,4.60954496076076e-33,-9.7331700021016e-29,-4.85363579444917e-25,-4.73679477673454e-25,-4.06754822846774e-25,1.28652305130387e-25,4.1476265704232e-25,-2.64697793669262e-23,-5.29395587338524e-23,-1.05879117467705e-22,1.05879117467705e-22,0.00620541140666512,7.218350176936e-05,1,0.000315654192747803,-5.29395587338524e-23,-3.87740908695208e-26,-2.31729423030253e-26,-3.41169386184934e-26,-1.88518716968528e-26,-7.34108543018742e-27,-9.96553031995114e-27,3.40878678230821e-27,1.71059428506004e-25,-4.30288474652516e-25,-3.49278862027204e-25,-1.09956452673827e-23,1.3648479950051e-22,-1.04024179684388e-22,0.000124882990049272,-3.17637352403114e-22,1.33684750598174e-25,1.22264966100346e-26,2.72079365669078e-28,2.53393222868749e-27,-4.36255958491641e-29,-8.00644167837176e-29,0,0,0,0,0,0,0,0,0,0
"Sm154Di",0,0,0,0,0,0,0,0,0,0,0,0,0,0,2.24630666125525e-29,-6.78684049158515e-26,-4.44937044059562e-21,-2.96583904024816e-21,-1.47741248441248e-21,-1.36786201401322e-21,-7.00025951561095e-21,0.000406380653833024,0.000585911429111397,0.000629856895018289,0.000452621705225047,-9.26442255186518e-22,0.00577915339100072,2.80984262116964e-05,1,0.000281020337775546,0,-5.29395585766622e-23,-4.21862107407777e-23,3.5769343583532e-24,2.43062397896419e-23,1.30468774900994e-23,-6.86559925261705e-23,-1.35507358511817e-22,-5.29395585766622e-21,1.97404763223971e-21,-3.38813174890638e-21,9.49934454359571e-27,-2.03287835406632e-20,-2.11757524370321e-22,0.00204182624256885,4.23516468613298e-22,-8.81133532091927e-24,-4.84746634314719e-25,3.12169424759834e-24,-2.29763571058148e-26,-3.54081929846175e-25,0,0,0,0,0,0,0,0,0,0
"Gd155Di",0,0,0,0,0,0,0,0,0,0,0,0,0,0,1.44887271613247e-33,5.8385456276383e-30,1.03522200895736e-25,1.07652999703237e-26,8.00731738065287e-26,2.92913655807623e-26,-1.32774899541436e-25,3.29021523894557e-24,9.91382948367126e-24,6.61744490042421e-24,1.32472282840419e-23,7.08646210139766e-26,2.11659533877855e-22,2.0640960763369e-25,4.22507710773413e-05,1,0.000932253911416254,0.000456237193785056,1.58927880362987e-05,1.75774542232494e-24,2.11756624571968e-22,5.76869084224364e-28,-6.11936074446367e-27,-1.94343395367096e-26,2.65067369840427e-28,-1.46477427517326e-26,3.08415138056198e-27,-1.60302808158134e-23,-8.48259734396077e-24,-5.87919861773244e-25,-1.30529107852965e-21,0.00445536158591966,-1.07148852033416e-19,-4.71310912020453e-21,-1.69380529857093e-21,1.22842355180668e-24,2.07808490077665e-22,0,0,0,0,0,0,0,0,0,0
"Gd156Di",0,0,0,0,0,0,0,0,0,0,0,0,0,0,2.74151774039192e-34,-2.84192479425517e-29,5.80271750004805e-26,-5.65728721211873e-26,3.72983028643847e-25,3.7631703454157e-26,5.55327340697293e-26,-1.98252453731841e-23,-1.31536804629171e-23,5.40205092573484e-26,1.33429894656974e-23,3.61858712313911e-26,-1.04148543267174e-22,-4.11889727789036e-25,0.000132805102609032,0.00816334855374289,1,0.0272220465716867,0.00769848491938228,3.03769860760827e-33,0.0015804722938024,3.22488146485715e-27,3.01970943318369e-27,-4.85027871063872e-26,3.35332357412368e-25,2.07889688155694e-26,3.30851517248696e-24,-3.3272787675796e-24,-1.69929273422699e-24,1.76787747903939e-27,-6.7621029069242e-22,-4.03625166295136e-20,0.00385312260939823,-7.26187814562311e-20,-4.23245604332107e-20,-1.32346968208914e-23,-4.23510298268525e-21,0,0,0,0,0,0,0,0,0,0
"Gd157Di",0,0,0,0,0,0,0,0,0,0,0,0,0,0,0,0,0,0,0,0,0,0,0,0,0,0,0,0,0,0,0,1,0,0,0,0,0,0,0,0,0,0,0,0,0,0,0,0,0,0,0,0,0,0,0,0,0,0,0,0,0
"Gd158Di",0,0,0,0,0,0,0,0,0,0,0,0,0,0,-2.06528787795291e-36,-1.9051339420938e-32,3.75295568271122e-28,-1.73831669018355e-28,2.27866676012162e-28,-3.95735905926764e-29,-4.26244562764457e-28,-1.9455886322484e-26,7.82772846688102e-27,3.07679788246401e-27,4.14972888867549e-26,3.07301067175415e-29,1.25900684422493e-25,1.00660448262587e-27,5.64308598148649e-38,0.000464952396521893,0.00170490574617957,0.00954236566967761,1,0.000322350922363812,0.00561880107806126,2.39355222829834e-30,1.65707386519046e-29,4.67300638063508e-30,1.5331974629339e-29,-4.98928410496644e-29,3.73168579945066e-27,6.21812485759433e-27,-4.44375127612354e-26,1.68152586889064e-27,3.30901589674705e-24,6.7807641567293e-23,8.27964330499792e-22,-1.46322083231213e-21,0.00312539494550552,-4.23502914534642e-22,1.01638995480014e-20,0,0,0,0,0,0,0,0,0,0
"Tb159Di",0,0,0,0,0,0,0,0,0,0,0,0,0,0,-3.18419875976777e-40,2.20900945716168e-36,-3.23790340496834e-32,5.39462107975049e-33,2.3845426386946e-32,1.41899971064241e-32,-7.21766085290342e-32,-6.09942227846142e-30,-2.73385980084831e-30,3.15544362089139e-30,-2.94263255099609e-30,6.84655427389137e-32,7.90710109035815e-29,-1.70950369214426e-31,7.52134439337964e-39,-2.64697790580843e-23,-2.64697790580843e-23,0,1.62571591093267e-05,1,0.000244036475047962,-6.16371181206507e-31,2.54208945251949e-31,4.47353513236754e-30,-2.08451441309349e-28,-2.83801643279449e-30,-6.38092991961852e-27,1.40374522983686e-27,1.41704029984267e-28,3.7866477662426e-28,1.24077089334768e-24,1.81986788159824e-23,-1.40617172678319e-23,7.4442725033108e-24,5.2939558116164e-23,0.00333252717787338,-5.29395581161686e-22,0,0,0,0,0,0,0,0,0,0
"Gd160Di",0,0,0,0,0,0,0,0,0,0,0,0,0,0,-2.76307403810238e-36,7.73856499915201e-33,1.34603827873197e-28,1.0168981444484e-29,6.01622751578908e-28,1.82637406982516e-28,8.92893416259881e-29,-3.04012226894697e-26,-2.11057780250409e-26,2.89007915204688e-27,-7.33213801424806e-27,2.00973058795226e-28,1.99148085361459e-25,-2.9621422055281e-28,-1.24080375394142e-36,0.000436736373326646,0.000956824374419318,0.00103018754403815,0.00569707242446339,8.41558754357159e-05,1,7.06819371078002e-28,1.32528632077125e-28,1.99187378568299e-27,3.01175260699793e-26,-3.15544646145376e-28,-1.54970625355822e-24,-4.38292104135244e-24,-3.30872478845183e-24,-3.59199949918497e-25,7.13606210109971e-36,-6.77626357803402e-21,-3.38813178901719e-21,3.38813178901719e-21,1.28129846876617e-33,-8.47032947254242e-22,0.00322131071682414,0,0,0,0,0,0,0,0,0,0
"Dy161Di",0,0,0,0,0,0,0,0,0,0,0,0,0,0,-2.96282293261725e-39,2.5353555471574e-35,-1.27352398441301e-31,-3.52590866556497e-31,-9.82297266078443e-32,-1.40746603494938e-31,-9.32328505831429e-31,1.39685397253207e-29,2.66081768635957e-29,7.56728466602539e-29,2.80346795274881e-29,5.91837070334647e-31,7.83395406701567e-28,3.15152128693117e-30,1.80760755783355e-25,1.93332931698171e-25,8.47419613117697e-22,6.36597675228586e-22,1.69314058887948e-21,1.06160955711759e-22,0.00184282298826477,1,0.026633108691999,0.00657204161264673,0.00300632134625427,-2.00428514351544e-22,1.14326547221252e-25,2.17654719176092e-27,-2.63646431697048e-28,6.57317950145734e-29,7.26494772413455e-25,5.23832413113146e-24,3.82068853092264e-24,7.60084985460036e-24,5.97112482895086e-23,7.37371747999039e-25,1.35280774777061e-21,0,0,0,0,0,0,0,0,0,0
"Dy162Di",0,0,0,0,0,0,0,0,0,0,0,0,0,0,-7.94399050193187e-40,-4.28306878759958e-36,1.0861012608573e-32,-1.32004196311311e-32,5.40648959387924e-34,-4.29986962613783e-33,-6.78338362959386e-32,-4.65206812644129e-30,-2.95485798057532e-30,9.90901981034071e-31,-4.6331558025435e-30,2.72078237858699e-32,2.81034327110941e-31,-5.83713657988087e-32,-7.63756734703251e-28,1.28871261815235e-23,3.87372293272327e-23,6.21212565370243e-23,2.53059865318068e-23,1.01142529982619e-23,0.000163124376665773,0.0153039819834704,1,0.0408416992995325,0.00656906903944576,4.23293924983663e-22,4.13372973616859e-25,6.12303986414382e-27,4.08709630091787e-27,-4.39953814258755e-29,3.42117498906898e-26,2.98424370188728e-25,5.44734617208202e-25,4.34760634345848e-25,2.77157052105492e-24,1.29466128611648e-25,1.96594090821647e-22,0,0,0,0,0,0,0,0,0,0
"Dy163Di",0,0,0,0,0,0,0,0,0,0,0,0,0,0,-2.18658527032102e-40,-8.15310691074945e-37,-5.60316976452706e-33,6.51342559657981e-34,4.63214193551813e-32,-5.85348646758713e-35,1.35152965444966e-32,-1.03714442644412e-31,-9.37058912506019e-31,-1.60348612730929e-30,-3.02824914293756e-31,1.09644330405762e-32,-5.09380166034275e-30,-1.88959341179514e-31,-3.14168796429004e-27,-6.89071209223369e-25,1.14918576563928e-24,-1.07170818714345e-23,5.12370223150799e-23,3.9330369798864e-24,7.49311990257317e-05,0.0029837424769349,0.0117551373814532,1,0.0159549714763509,0,0,3.01536528366328e-26,-5.33548299532353e-28,2.87745677032466e-30,4.69164748032419e-26,3.49489396358786e-25,6.58340054327534e-25,3.28954386483025e-25,1.72959378565344e-24,-2.06237186618959e-26,5.97729331704814e-23,0,0,0,0,0,0,0,0,0,0
"Dy164Di",0,0,0,0,0,0,0,0,0,0,0,0,0,0,-1.12761373237379e-39,-3.34172366552293e-36,-5.10308856537366e-32,-2.58747407195903e-32,2.54985099796021e-32,-1.50531345683036e-32,-5.84873532553467e-32,-3.54328144932883e-30,-9.80231130504126e-30,-1.54510085860575e-29,-1.65150122476662e-29,1.11044093147109e-32,-9.07025868894409e-29,9.01835554220743e-33,-2.5080329961771e-26,-5.28336348140092e-23,-1.01510729654254e-22,3.16014133419931e-24,-4.13679548869962e-22,1.39159003417875e-23,0.000288327529840711,0.0049071762630251,0.00800342057836766,0.0287846146546147,1,0.000632444746126355,0,8.17958925862313e-25,4.39212549409815e-25,7.75304462893074e-30,-5.30411434750365e-26,1.22449941957663e-24,-8.37446372342022e-25,9.35860560023062e-25,1.04993822131447e-23,2.31092635640222e-25,1.01145173345457e-22,0,0,0,0,0,0,0,0,0,0
"Ho165Di",0,0,0,0,0,0,0,0,0,0,0,0,0,0,3.78699155031782e-48,7.81066026596478e-59,-1.67384253096461e-39,-3.14864938980399e-41,-2.83003209281338e-40,-7.20393261941418e-40,-1.14363315413743e-39,-9.40395480657831e-38,-1.23019076696192e-37,-7.59993026633006e-38,-1.01284430223385e-37,-6.20545595450473e-40,-1.7364689980958e-36,-4.97186148441115e-39,-1.11134015878131e-34,6.67311952368372e-31,2.4309790570528e-31,2.21346510708543e-47,8.00774342842046e-30,1.8589546749539e-31,1.61558713389263e-27,2.58493941422821e-26,7.9658321741506e-27,1.55096364853693e-25,0,1,0.000413046092265253,-1.99360855720825e-21,-2.71935610662321e-22,-7.75482006321686e-26,-1.44563442608239e-23,-7.09858909098845e-27,-1.64563770743466e-27,-4.52855436829822e-29,-3.22446876087865e-29,-2.15704141113824e-32,6.31088687144445e-30,0,0,0,0,0,0,0,0,0,0
"Er166Di",0,0,0,0,0,0,0,0,0,0,0,0,0,0,-1.6609389235788e-44,-3.20118179149215e-43,7.59277550613367e-37,9.44351206384202e-38,4.64096059399049e-36,-1.30287022599833e-36,2.06427778020601e-37,2.30502887661468e-38,1.61682516302353e-34,-1.73285957107813e-34,-2.3896600713668e-34,-1.73119078505564e-36,-2.28240837661456e-33,-1.20432185164475e-35,-7.17764460741214e-31,-2.57780733719698e-28,-6.97998582721773e-27,-3.20273305497303e-30,4.38883950868535e-27,-3.64562562324099e-29,1.6575118468027e-27,6.45971661465333e-26,-1.05877992148633e-22,4.33237635182863e-25,3.54098583096357e-05,0.000142039986285829,1,0.0139757370047105,0.002705370127583,-2.35369166011262e-22,0.000250441430758587,-2.73706024222019e-23,-4.17813021180727e-24,-1.57528961505089e-25,-1.06039027120881e-25,-1.09041156557913e-29,-2.85122224685273e-26,0,0,0,0,0,0,0,0,0,0
"Er167Di",0,0,0,0,0,0,0,0,0,0,0,0,0,0,-2.34339268875604e-46,1.79756666882007e-42,1.26623202296909e-38,6.45973561843144e-39,-1.64523694879978e-38,-1.09136782289748e-38,-1.38868939995219e-37,1.5296367943684e-36,-3.74482291626199e-36,-1.48363217450866e-37,-3.22592261159426e-36,-4.7082144743442e-39,-7.73315516176225e-36,-1.7856540367636e-37,6.56443466926327e-34,4.51843247008305e-31,-1.71347480601724e-29,-9.85148326810438e-30,1.51617594560803e-28,-2.77269210429128e-30,5.25874237526951e-27,9.95460368561652e-25,-1.37490592870075e-24,1.45620691437303e-24,1.46438685975107e-22,-4.26324006174456e-22,0.0131154476716887,1,0.0332360504571742,-1.69377909570407e-21,0.000794678679520609,-9.88248339771941e-23,-5.38494926279889e-24,-1.82022462573162e-25,-5.22231856206357e-26,9.99504472956954e-29,-1.23307255776519e-25,0,0,0,0,0,0,0,0,0,0
"Er168Di",0,0,0,0,0,0,0,0,0,0,0,0,0,0,-5.2684364166439e-47,3.93827793069135e-43,3.14418371616873e-40,-1.35009542252364e-38,-2.28808980601984e-38,-3.82106534681823e-38,-4.38642053690576e-38,7.59917134489356e-37,-1.00457691032791e-36,-4.3631837250611e-37,8.91122325557438e-37,-7.85099082086526e-40,4.91866092930483e-36,-1.07949098582551e-37,-9.24530156897391e-35,-5.40040557980182e-30,-5.27780566105158e-30,-9.27875738509501e-30,-1.85341849668959e-29,-5.07977538377077e-31,1.12177465986259e-26,3.62996870617772e-25,2.36468613893057e-25,6.18010659461143e-24,2.64693379820118e-23,-8.18769147488944e-23,0.00167371471601072,0.00497923381117102,1,0.000289324035122413,0.00169489539461858,2.11754703856094e-22,-1.14869662689868e-23,-7.72610737432732e-25,-5.47349811790157e-26,3.40069875690472e-28,-2.20512720502946e-25,0,0,0,0,0,0,0,0,0,0
"Tm169Di",0,0,0,0,0,0,0,0,0,0,0,0,0,0,-4.38172886409448e-47,-7.73854739702072e-43,-7.38280440374518e-39,3.61757542416622e-41,-6.30375010342659e-40,-7.58924057279173e-39,-1.24514306428508e-39,3.763876434245e-37,-4.55874361898758e-37,-2.38001253100036e-37,3.76387643424501e-37,-2.32814078306663e-39,3.00926553810506e-36,5.1944671844776e-38,1.98647816635109e-33,8.13468979352619e-30,1.57772181044202e-29,8.96647027662853e-30,2.52281507602895e-29,1.03818271021065e-30,1.15670095277607e-26,5.9951575180958e-26,3.10318871817351e-25,1.72139265715693e-24,0,2.26021869413013e-25,-2.54109774980388e-21,-1.69406516653592e-21,0.000304992907356411,1,0.000771394559229795,0,-1.18446149127837e-23,-5.76939280298895e-25,-4.3445912524318e-26,9.03672402403543e-29,-1.40108393302582e-25,0,0,0,0,0,0,0,0,0,0
"Er170Di",0,0,0,0,0,0,0,0,0,0,0,0,0,0,-1.48448327071632e-43,-1.46932311637575e-39,5.23424263897422e-36,6.6082084197879e-36,3.49464901443872e-35,-5.61306396516328e-36,3.97633161541383e-36,1.45754783169249e-38,-4.63174399592066e-34,-9.69272811976575e-34,-1.27581977033882e-33,-8.29444177482987e-36,-2.04023345408349e-32,-2.41588200801208e-35,-1.9065793903745e-30,-6.65243432897818e-28,-1.42996119082427e-26,-1.29245489809442e-26,-5.69740233721258e-26,5.69471283195204e-28,6.61745325797484e-24,2.11762711766918e-22,-7.36150670289276e-25,1.69409852726401e-21,0.000134843941386211,-2.14738494127474e-22,0.0069969461657012,0.00520344477950038,0.00979301170540169,0.000557067521133949,1,0.000736200796408511,-6.77625777802317e-21,-2.11758055563224e-22,2.11758055563224e-22,-2.01633202671861e-25,5.2939513890806e-23,0,0,0,0,0,0,0,0,0,0
"Yb171Di",0,0,0,0,0,0,0,0,0,0,0,0,0,0,-8.59147682026926e-47,4.45579263387604e-43,3.34133986896601e-38,1.26049437114291e-38,3.83423271532267e-38,-4.92134347620388e-39,2.99922933036456e-39,-1.14256405289131e-36,-1.08786481952321e-36,-1.67972009694446e-36,-3.94161377205819e-37,-4.59750005714557e-40,-1.23275032330528e-35,-9.95118423852166e-38,2.55409418022813e-34,4.47468273159708e-30,1.89893818271006e-29,3.97872281517456e-30,-5.04924716199659e-29,-6.0498787512051e-31,1.4364033693266e-26,5.63199392825376e-25,6.26497314961257e-25,2.0159317300406e-24,4.89339669775663e-25,9.99999454010723e-25,-4.4126379182319e-25,-5.06685903229861e-21,-3.35500051048988e-21,-3.18730559641516e-22,0.00117592548589702,1,0.0380344448841669,0.00216012985768397,0.00244225654637358,-4.06485478663199e-22,0.00040666712426585,0,0,0,0,0,0,0,0,0,0
"Yb172Di",0,0,0,0,0,0,0,0,0,0,0,0,0,0,4.30879055006137e-47,4.51290841185552e-44,3.05225288525313e-39,2.19439957820772e-39,3.73385281517201e-39,-3.36357091994355e-39,-3.84721009925556e-39,-3.81651112017144e-37,-8.20745072586965e-37,-3.77209127148542e-37,-4.76624584928899e-37,-8.03057010324497e-40,-7.67819823980947e-36,-2.66802586489027e-38,-1.00499453202649e-33,3.05375772052435e-30,1.67136819813044e-30,1.97365444063894e-30,-4.16259453754629e-31,3.83694098527346e-31,5.5533541329682e-27,1.80553709244456e-25,1.62199679761919e-25,1.21720709632097e-24,1.29863952190366e-23,1.48148156383866e-25,-7.91848499926783e-24,3.74138329105189e-22,8.35686629874066e-22,-3.0068049008639e-23,0.000352091763092858,0.00806245316140492,1,0.0377088908410302,0.0100768859322136,-1.5720516236457e-21,0.000650933333204864,0,0,0,0,0,0,0,0,0,0
"Yb173Di",0,0,0,0,0,0,0,0,0,0,0,0,0,0,4.201272741662e-49,-1.3113960996352e-43,1.753405543339e-39,1.28417123929997e-39,5.41697502935811e-39,-7.04989908713753e-40,1.04778928530244e-40,8.55569793468745e-38,-2.77964265694419e-38,4.69987108521985e-38,-1.01552673715441e-37,-3.42778673366765e-40,-1.65323484345622e-36,-5.79327752604172e-39,1.29347774799184e-34,1.82832491490723e-30,-1.50072586104772e-30,-1.13343562387949e-30,-1.68367237447072e-31,1.40810308079936e-31,-8.17534584733633e-29,4.95704495589577e-26,5.61916338547073e-26,3.85327936646656e-25,-6.41779645084512e-24,1.14886721007482e-25,-2.11540556730404e-22,-2.20775277683848e-22,4.26774179467359e-22,-2.78603265411039e-23,0.000221352193971226,0.00274549971162162,0.0148280190641988,1,0.0328948841202106,-3.81091343350843e-21,0.00210043672185884,0,0,0,0,0,0,0,0,0,0
"Yb174Di",0,0,0,0,0,0,0,0,0,0,0,0,0,0,3.83003923844191e-49,-3.33861781883967e-45,-6.10969821353746e-41,-3.36616239700028e-41,-4.20041260144264e-41,4.76018026628266e-42,-3.52207206018356e-42,5.36791576760996e-39,2.20572090512289e-39,2.07889345466243e-39,2.32903207690307e-39,7.49510012251011e-42,3.18677984337525e-38,1.07803644341178e-41,1.21469754386324e-35,1.46998442086164e-32,4.99854269334863e-32,-3.3747439372377e-32,-1.73050283587567e-31,2.47469084668407e-33,5.84731556872359e-30,5.69183543176577e-28,3.04581568266065e-28,-1.06235289158677e-27,8.83347828177893e-26,1.31490565903075e-27,5.43250450434387e-24,7.14423184402332e-24,2.54382757985505e-24,5.80431398407878e-25,8.4682884225049e-22,0.000364201672830282,0.00166216681132378,0.00559814073424309,1,0.000618988440305126,0.0044387313762992,0,0,0,0,0,0,0,0,0,0
"Lu175Di",0,0,0,0,0,0,0,0,0,0,0,0,0,0,1.31568683611633e-52,-9.49144560105106e-46,-1.80036089873099e-42,-5.71626309854219e-42,1.05401816865642e-41,-3.67360739437605e-42,-2.12386878982359e-41,3.69602317405123e-40,-4.74682815464376e-40,-3.88392486326718e-40,1.38477285897007e-39,3.28319955750939e-42,1.39872792838781e-39,2.567310567484e-41,9.34825430499473e-37,6.16771608343505e-33,-6.14401477645557e-33,-1.37926241803155e-32,-9.28926113723464e-32,-5.66149925209145e-34,-7.36374255545241e-31,2.32075330187105e-28,2.85455587044237e-28,1.33095547313821e-27,-2.58096299476144e-26,1.54509781610842e-28,8.2972552101176e-25,-4.3601860994426e-25,-1.65436122510606e-24,-2.73521291962813e-25,-2.11757776810795e-22,-1.69406221448636e-21,-6.77624885794545e-21,-3.38812442897272e-21,0.00038457569303972,1,0.00345045641258079,0,0,0,0,0,0,0,0,0,0
"Yb176Di",0,0,0,0,0,0,0,0,0,0,0,0,0,0,-1.72324147805635e-50,1.11731735129191e-43,4.06004891230003e-39,4.38977360916896e-40,8.27729639463722e-39,-3.17143919854914e-39,-2.54166217471371e-39,-6.15155888522515e-39,-4.61455120113159e-37,-4.24240525975443e-37,1.8313962087418e-37,-7.30574100284121e-41,-3.10991069480472e-36,-1.3439381323208e-38,6.90857978863114e-35,1.92461934637561e-30,7.39632296425557e-32,-5.84208211631381e-31,-1.28088927172631e-29,4.27520083943875e-32,3.62900343611673e-27,2.20130978751329e-25,2.62024208600717e-25,1.13012691209082e-24,6.18962278690081e-26,4.68350621821966e-26,-8.28811153520133e-25,-8.63495137825545e-22,-4.75937528107202e-24,-8.08495535317171e-23,0.000298468302013127,0.00366748489510392,0.00678881600716015,0.00452694924854097,0.0195372793962441,0.000629569381463226,1,0,0,0,0,0,0,0,0,0,0
"Ir191Di",0,0,0,0,0,0,0,0,0,0,0,0,0,0,0,0,0,0,0,0,0,0,0,0,0,0,0,0,0,0,0,0,0,0,0,0,0,0,0,0,0,0,0,0,0,0,0,0,0,0,0,1,0,0,0,0,0,0,0,0,0
"Ir193Di",0,0,0,0,0,0,0,0,0,0,0,0,0,0,0,0,0,0,0,0,0,0,0,0,0,0,0,0,0,0,0,0,0,0,0,0,0,0,0,0,0,0,0,0,0,0,0,0,0,0,0,0,1,0,0,0,0,0,0,0,0
"Pt195Di",0,0,0,0,0,0,0,0,0,0,0,0,0,0,0,0,0,0,0,0,0,0,0,0,0,0,0,0,0,0,0,0,0,0,0,0,0,0,0,0,0,0,0,0,0,0,0,0,0,0,0,0,0,1,0,0,0,0,0,0,0
"Pt196Di",0,0,0,0,0,0,0,0,0,0,0,0,0,0,0,0,0,0,0,0,0,0,0,0,0,0,0,0,0,0,0,0,0,0,0,0,0,0,0,0,0,0,0,0,0,0,0,0,0,0,0,0,0,0,1,0,0,0,0,0,0
"Pb208Di",0,0,0,0,0,0,0,0,0,0,0,0,0,0,0,0,0,0,0,0,0,0,0,0,0,0,0,0,0,0,0,0,0,0,0,0,0,0,0,0,0,0,0,0,0,0,0,0,0,0,0,0,0,0,0,1,0,0,0,0,0
"Center",0,0,0,0,0,0,0,0,0,0,0,0,0,0,0,0,0,0,0,0,0,0,0,0,0,0,0,0,0,0,0,0,0,0,0,0,0,0,0,0,0,0,0,0,0,0,0,0,0,0,0,0,0,0,0,0,1,0,0,0,0
"Offset",0,0,0,0,0,0,0,0,0,0,0,0,0,0,0,0,0,0,0,0,0,0,0,0,0,0,0,0,0,0,0,0,0,0,0,0,0,0,0,0,0,0,0,0,0,0,0,0,0,0,0,0,0,0,0,0,0,1,0,0,0
"Width",0,0,0,0,0,0,0,0,0,0,0,0,0,0,0,0,0,0,0,0,0,0,0,0,0,0,0,0,0,0,0,0,0,0,0,0,0,0,0,0,0,0,0,0,0,0,0,0,0,0,0,0,0,0,0,0,0,0,1,0,0
"Residual",0,0,0,0,0,0,0,0,0,0,0,0,0,0,0,0,0,0,0,0,0,0,0,0,0,0,0,0,0,0,0,0,0,0,0,0,0,0,0,0,0,0,0,0,0,0,0,0,0,0,0,0,0,0,0,0,0,0,0,1,0
"FileNum",0,0,0,0,0,0,0,0,0,0,0,0,0,0,0,0,0,0,0,0,0,0,0,0,0,0,0,0,0,0,0,0,0,0,0,0,0,0,0,0,0,0,0,0,0,0,0,0,0,0,0,0,0,0,0,0,0,0,0,0,1
